{"cameraMode":{"drawMode":0,"name":"Shaded","section":"Shading Mode"},"sceneLighting":false,"audioPlay":false,"sceneViewState":{"m_AlwaysRefresh":false,"showFog":true,"showSkybox":false,"showFlares":true,"showImageEffects":true,"showParticleSystems":true,"showVisualEffectGraphs":true,"m_FxEnabled":true},"in2DMode":false,"pivot":{"x":-0.10214322805404663,"y":0.3536542057991028,"z":0.2103373408317566},"rotation":{"x":0.18412798643112184,"y":-0.3820183277130127,"z":0.07797045260667801,"w":0.9022913575172424},"size":0.7320951819419861,"orthographic":false}